Picasso|Abstract Expressionism|Cubism|Impressionism|Pointillism|Realism|Renaissance|Rococo|Romanticism|Surrealism|Symbolism|Vernacular
The Persistence of Memory|Dali|Flatiron Building|Monet|Sunday Afternoon on the Island of La Grande Jatte|Courbet|Vitruvian Man|Canova|The Great Wave off Kanagawa|Magritte|The Kiss|Gaudi
Guernica|Picasso|Art Deco|Monet|A Sunday Afternoon on the Island of La Grande Jatte|Courbet|Vitruvian Man|Boucher|The Raft of the Medusa|Dali|The Lovers|Gaudi
Starry Night Over the Rh√¥ne|Van Gogh|Cubism|Degas|Starry Night|Courbet|The Birth of Venus|Fragonard|The Wanderer Above the Sea of Fog|Magritte|The Swing|Hopper
The Thinker|Rodin|Abstract Expressionism|Cubism|Water Lilies|Courbet|Venus de Milo|Watteau|The Kiss|Dali|The Lovers|Hopper
The Great Wave off Kanagawa|Hokusai|Cubism|Impressionism|Sunday Afternoon on the Island of La Grande Jatte|Courbet|Primavera|Titian|The Starry Night|Dali|The Lovers|Hopper
The Creation of Adam|Michelangelo|Realism|Impressionism|Starry Night|Botticelli|Primavera|Titian|The Persistence of Memory|Dali|The Lovers|Hopper
The Birth of Venus|Botticelli|Abstract Expressionism|Impressionism|Sunday Afternoon on the Island of La Grande Jatte|Courbet|Primavera|Titian|The Scream|Dali|The Lovers|Hopper
American Gothic|Grant Wood|Cubism|Impressionism|Starry Night|Courbet|Primavera|Titian|The Persistence of Memory|Dali|The Lovers|Hopper
Les Demoiselles d'Avignon|Picasso|Cubism|Impressionism|Starry Night|Courbet|Primavera|Titian|The Starry Night|Dali|The Lovers|Hopper
The Birth of Venus|Botticelli|Cubism|Impressionism|Starry Night|Courbet|Primavera|Titian|The Persistence of Memory|Dali|The Lovers|Hopper
The Starry Night|Van Gogh|Abstract Expressionism|Cubism|Water Lilies|Courbet|Primavera|Titian|The Persistence of Memory|Dali|The Lovers|Hopper
The Night Watch|Rembrandt|Abstract Expressionism|Cubism|Water Lilies|Courbet|Primavera|Titian|The Scream|Dali|The Lovers|Hopper
The Scream|Munch|Abstract Expressionism|Cubism|Water Lilies|Courbet|Primavera|Titian|The Starry Night|Dali|The Lovers|Hopper
The Arnolfini Portrait|Van Eyck|Cubism|Impressionism|Starry Night|Courbet|Primavera|Titian|The Persistence of Memory|Dali|The Lovers|Hopper
The Hay Wain|Constable|Abstract Expressionism|Impressionism|Starry Night|Courbet|Primavera|Titian|The Starry Night|Dali|The Lovers|Hopper
The Last Judgment|Michelangelo|Cubism|Impressionism|Starry Night|Courbet|Primavera|Titian|The Persistence of Memory|Dali|The Lovers|Hopper
The Birth of Venus|Botticelli|Cubism|Impressionism|Starry Night|Courbet|Primavera|Titian|The Scream|Dali|The Lovers|Hopper
The Starry Night|Van Gogh|Realism|Impressionism|Water Lilies|Courbet|Primavera|Titian|The Persistence of Memory|Dali|The Lovers|Hopper
The Night Watch|Rembrandt|Realism|Impressionism|Water Lilies|Courbet|Primavera|Titian|The Starry Night|Dali|The Lovers|Hopper
The Scream|Munch|Realism|Impressionism|Water Lilies|Courbet|Primavera|Titian|The Persistence of Memory|Dali|The Lovers|Hopper
The Birth of Venus|Botticelli|Renaissance|Impressionism|Starry Night|Courbet|Primavera|Titian|The Starry Night|Dali|The Lovers|Hopper
The Garden of Earthly Delights|Hieronymus Bosch|Renaissance|Impressionism|Starry Night|Courbet|Primavera|Titian|The Persistence of Memory|Dali|The Lovers|Hopper
The Arnolfini Portrait|Van Eyck|Renaissance|Impressionism|Starry Night|Courbet|Primavera|Titian|The Scream|Dali|The Lovers|Hopper
Vitruvian Man|Leonardo da Vinci|Renaissance|Impressionism|Starry Night|Courbet|Primavera|Titian|The Starry Night|Dali|The Lovers|Hopper
The Birth of Venus|Botticelli|Romanticism|Impressionism|Starry Night|Courbet|Primavera|Titian|The Persistence of Memory|Dali|The Lovers|Hopper
The Scream|Munch|Romanticism|Impressionism|Starry Night|Courbet|Primavera|Titian|The Starry Night|Dali|The Lovers|Hopper
The Garden of Earthly Delights|Hieronymus Bosch|Romanticism|Impressionism|Starry Night|Courbet|Primavera|Titian|The Persistence of Memory|Dali|The Lovers|Hopper
The Night Watch|Rembrandt|Romanticism|Impressionism|Starry Night|Courbet|Primavera|Titian|The Scream|Dali|The Lovers|Hopper
The Birth of Venus|Botticelli|Surrealism|Impressionism|Starry Night|Courbet|Primavera|Titian|The Starry Night|Dali|The Lovers|Hopper
The Persistence of Memory|Dali|Surrealism|Impressionism|Starry Night|Courbet|Primavera|Titian|The Scream|Dali|The Lovers|Hopper