Blender|Juicing|Rolling Pin|Apron|Steamer|Whisk|Wok|Carving|Bread|Vinegar|Toque|Smoker|Press
Boiling Pot|Mixing|Grilling|Protection|Steam Pot|Stirring Spoon|Grill Pan|Carving Knife|Roasting|Frying Oil|Chef's Hat|Charcoal Grill|Flipping Spatula
Double Boiler|Mixing|Wooden Spoon|Apron|Stockpot|Ladle|Wok|Utility Knife|Baking Sheet|Infused Oil|Toque|Hibachi|Fish Turner
Slow Cooker|Emulsify|Pestle|Mitt|Casserole Dish|Soup Ladle|Dutch Oven|Carving Knife|Baking Tray|Flavored Oil|Baker's Hat|Smoker Box|Tongs
Saucepan|Frothing|Muddler|Chef's Jacket|Double Boiler|Soup Ladle|Skillet|Boning Knife|Sheet Pan|Canola Oil|Toque|Portable Grill|Fish Spatula
Steamer|Beating|Mortar and Pestle|Apron|Crock-Pot|Slotted Spoon|Frying Pan|Utility Knife|Cookie Sheet|Sesame Oil|Baker's Cap|Kamado Grill|Barbecue Tongs
Stove|Mixer|Wooden Utensil|Apron|Pot|Spoon|Pan|Knife|Oven|Oil|Chef's Hat|Grill|Spatula
Rice Cooker|Stir|Rolling Pin|Chef's Apron|Deep Fryer|Slotted Spoon|Cast Iron Skillet|Cleaver|Baking Dish|Olive Oil|Chef's Toque|Electric Grill|Griddle Scraper
Pressure Cooker|Mixing|Pastry Blender|Bib|Cauldron|Soup Ladle|Saute Pan|Nakiri Knife|Cake Pan|Avocado Oil|Headscarf|Infrared Grill|Fish Turner
Stockpot|Blend|Wooden Spoon|Apron|Pressure Cooker|Whisk|Griddle|Carving Knife|Baking Pan|Coconut Oil|Chef's Cap|Smokeless Grill|Spatula Turner
Dutch Oven|Agitate|Mortar and Pestle|Bib Apron|Wok|Ladle|Crepe Pan|Bread Knife|Baking Tray|Truffle Oil|Sous Chef Hat|Kettle Grill|Fish Spatula
Fondue Pot|Mixing|Rolling Pin|Chef's Jacket|Steamer|Soup Ladle|Saute Pan|Boning Knife|Roasting Pan|Sesame Oil|Toque|Portable Grill|Grill Press
Crock-Pot|Mash|Wooden Spoon|Cook's Apron|Cauldron|Spatula|Cast Iron Skillet|Utility Knife|Baking Sheet|Safflower Oil|Chef's Toque|Charcoal Grill|Grill Brush
Rice Cooker|Whipping|Pastry Brush|Apron|Double Boiler|Stirring Spoon|Skillet|Boning Knife|Cookie Sheet|Grapeseed Oil|Toque|Electric Grill|Grill Basket
Tagine|Beat|Mortar and Pestle|Chef's Jacket|Steamer|Stirring Spoon|Grill Pan|Cleaver|Baking Pan|Sunflower Oil|Chef's Hat|Infrared Grill|Grill Tong
Sous Vide|Emulsify|Rolling Pin|Apron|Stockpot|Ladle|Sauté Pan|Bread Knife|Sheet Pan|Canola Oil|Toque|Smokeless Grill|Fish Spatula
Instant Pot|Blend|Wooden Utensil|Bib Apron|Steamer|Whisk|Crepe Pan|Nakiri Knife|Cake Pan|Olive Oil|Chef's Cap|Portable Grill|Grill Press
Air Fryer|Agitate|Pastry Brush|Chef's Jacket|Cauldron|Soup Ladle|Sauté Pan|Carving Knife|Roasting Pan|Coconut Oil|Headscarf|Infrared Grill|Grill Brush
Microwave|Whipping|Muddler|Apron|Wok|Slotted Spoon|Frying Pan|Cleaver|Pizza Stone|Truffle Oil|Toque|Electric Grill|Spatula Turner
Sandwich Maker|Mixing|Rolling Pin|Cook's Apron|Deep Fryer|Soup Ladle|Grill Pan|Bread Knife|Roasting Pan|Sesame Oil|Chef's Hat|Charcoal Grill|Fish Spatula
Toaster Oven|Beat|Mortar and Pestle|Chef's Jacket|Steamer|Stirring Spoon|Wok|Utility Knife|Baking Tray|Sunflower Oil|Toque|Kettle Grill|Grill Basket
Food Processor|Emulsify|Pestle|Apron|Pressure Cooker|Ladle|Frying Pan|Boning Knife|Baking Pan|Avocado Oil|Chef's Toque|Grill Press
Electric Kettle|Blend|Wooden Spoon|Bib Apron|Double Boiler|Whisk|Crepe Pan|Utility Knife|Sheet Pan|Grapeseed Oil|Chef's Cap|Smokeless Grill|Grill Tong
Rice Cooker|Agitate|Pastry Blender|Chef's Jacket|Steamer|Slotted Spoon|Cast Iron Skillet|Carving Knife|Cookie Sheet|Canola Oil|Toque|Infrared Grill|Grill Brush
Instant Pot|Whipping|Mortar and Pestle|Apron|Crock-Pot|Stirring Spoon|Sauté Pan|Cleaver|Cake Pan|Coconut Oil|Headscarf|Electric Grill|Spatula Turner
Sous Vide|Mixing|Muddler|Cook's Apron|Deep Fryer|Ladle|Frying Pan|Nakiri Knife|Roasting Pan|Truffle Oil|Chef's Hat|Charcoal Grill|Fish Spatula
Air Fryer|Beat|Rolling Pin|Chef's Jacket|Cauldron|Slotted Spoon|Grill Pan|Bread Knife|Pizza Stone|Sesame Oil|Toque|Kettle Grill|Grill Basket
Microwave|Agitate|Pestle|Apron|Wok|Stirring Spoon|Crepe Pan|Cleaver|Baking Tray|Sunflower Oil|Chef's Cap|Smokeless Grill|Grill Tong
Sandwich Maker|Whipping|Wooden Spoon|Bib Apron|Pressure Cooker|Whisk|Sauté Pan|Utility Knife|Roasting Pan|Avocado Oil|Chef's Toque|Infrared Grill|Grill Press
Toaster Oven|Mixing|Pastry Blender|Chef's Jacket|Double Boiler|Soup Ladle|Cast Iron Skillet|Boning Knife|Baking Pan|Canola Oil|Toque|Electric Grill|Grill Brush
Food Processor|Beat|Mortar and Pestle|Cook's Apron|Steamer|Stirring Spoon|Grill Pan|Cleaver|Baking Sheet|Grapeseed Oil|Chef's Hat|Charcoal Grill|Spatula Turner
Blender|Whipping|Rolling Pin|Chef's Jacket|Cauldron|Slotted Spoon|Sauté Pan|Bread Knife|Roasting Pan|Olive Oil|Toque|Kettle Grill|Grill Basket
Boiling Pot|Agitate|Pestle|Apron|Crock-Pot|Whisk|Crepe Pan|Utility Knife|Pizza Stone|Truffle Oil|Chef's Cap|Smokeless Grill|Grill Tong
Double Boiler|Mixing|Wooden Spoon|Bib Apron|Pressure Cooker|Ladle|Griddle|Nakiri Knife|Baking Tray|Sunflower Oil|Chef's Toque|Electric Grill|Grill Press
Slow Cooker|Beat|Muddler|Chef's Jacket|Deep Fryer|Soup Ladle|Frying Pan|Cleaver|Sheet Pan|Sesame Oil|Headscarf|Infrared Grill|Fish Spatula
Saucepan|Agitate|Pestle|Cook's Apron|Wok|Stirring Spoon|Grill Pan|Utility Knife|Roasting Pan|Canola Oil|Toque|Kettle Grill|Grill Basket
Steamer|Mixing|Mortar and Pestle|Chef's Jacket|Cauldron|Slotted Spoon|Sauté Pan|Bread Knife|Baking Pan|Coconut Oil|Chef's Hat|Charcoal Grill|Spatula Turner
Rice Cooker|Whipping|Wooden Spoon|Apron|Double Boiler|Whisk|Crepe Pan|Nakiri Knife|Pizza Stone|Avocado Oil|Toque|Smokeless Grill|Grill Tong
Pressure Cooker|Beat|Rolling Pin|Bib Apron|Crock-Pot|Soup Ladle|Frying Pan|Utility Knife|Baking Sheet|Truffle Oil|Chef's Cap|Infrared Grill|Grill Press
Stockpot|Agitate|Muddler|Chef's Jacket|Pressure Cooker|Stirring Spoon|Grill Pan|Carving Knife|Baking Tray|Sunflower Oil|Chef's Toque|Kettle Grill|Grill Basket