Name | Tip | Season | Tools | Sun | Temperature | Soil | Seedlings | Landscaping
Trowel | Rotate | Summer | Cultivator | Partial | Warm | Sandy | Cucumbers | Pathway
Gloves | Support | Spring | Garden Fork | Full | Moderate | Loamy | Zucchini | Rock Garden
Hoe | Harvest | Fall | Leaf Rake | Shade | Cool | Clay | Beets | Trellis
Watering Can | Deadhead | Winter | Scuffle Hoe | Reflective | Cold | Peat | Kale | Pond
Spade | Divide | Year Round | Dibber | Direct | Hot | Silt | Celery | Fountain
Garden Cart | Train | | Leaf Blower | | Cool/Cold | Compost | Broccoli | Bench
Garden Knife | Clip | | Hand Pruners | | Mild/Warm | Manure | Melons | Arbors
Mulch | Pinch | | Bulb Planter | | Cold | Sand | Radicchio | Pavers
Hand Tiller | Harvest | | Lopper | | Moderate | Humus | Swiss Chard | Statues
Garden Fork | Thin | | Hedge Shears | | Warm | Gravel | Onions | Pond
Pitchfork | Deadhead | | Spading Fork | | Cool | Sandy Loam | Turnips | Pergola
Leaf Rake | Train | | Garden Scissors | | Mild | Topsoil | Cabbage | Border
Hand Cultivator | Pinch | | Leaf Scoop | | Cold | Clay Loam | Beans | Courtyard
Digging Fork | Clip | | Edging Shears | | Warm | Loamy Sand | Pumpkins | Fountain
Hand Saw | Deadhead | | Hedge Trimmer | | Cool/Cold | Loess | Arugula | Gazebo
Watering Wand | Thin | | Grass Shears | | Mild/Warm | Silty Clay | Peas | Lanterns
Garden Hoe | Harvest | | Grass Whip | | Moderate | Silty Clay Loam | Cauliflower | Deck
Edging Knife | Prune | | Lopping Shears | | Warm | Sandy Clay Loam | Carrots | Pots
Hand Rake | Divide | | Soil Knife | | Cool | Silty Loam | Spinach | Decking
Transplanting Trowel | Clip | | Pole Pruner | | Cold | Clayey Loam | Lettuce | Swing
Garden Shovel | Pinch | | Grass Trimmer | | Mild | Sandy Clay | Parsley | Pergola
Hand Weeder | Deadhead | | Hedge Trimmer | | Warm | Peaty Soil | Dill | Birdbath
Garden Spade | Thin | | Axe | | Cool/Cold | Chalky Soil | Oregano | Trellis
Hand Fork | Prune | | Grass Shears | | Moderate | Saline Soil | Radishes | Pond
Cultivator | Harvest | | Brush Cutter | | Warm | Silty Peat | Cilantro | Fountain
Pruning Saw | Thin | | Pole Saw | | Cold | Calcareous Soil | Cumin | Gazebo
Garden Saw | Divide | | Sickle | | Mild/Warm | Gley Soil | Mint | Lanterns
Pruning Knife | Prune | | Machete | | Cool | Loamy Sand | Chives | Pathway
Garden Trowel | Clip | | Scythe | | Warm | Silty Clay Loam | Thyme | Gazebo
Hand Spade | Rotate | Spring | Mattock | Partial | Mild | Sandy Loam | Arugula | Bench
Pruning Shears | Thin | Fall | Grass Whip | Shade | Cool | Peaty Soil | Beets | Pond
Garden Fork | Prune | Winter | Grass Trimmer | Direct | Cold | Silty Clay | Kale | Trellis
Hand Tiller | Deadhead | Year Round | Brush Cutter | Refracted | Hot | Loamy Sand | Swiss Chard | Fountain
Transplanting Trowel | Clip | Summer | Sickle | Reflective | Warm | Silty Loam | Cauliflower | Swing