Group | Culture | Socialization | Behavior | Norms | Communities | Social Classes | Power | Status | Race | Gender | Inequality
Unity | Traditions | Peer mentoring | Ethical conduct | Standards | Social networks | Financial disparity | Governance | Prestige | Ethnic background | Gender roles | Disparity
Harmony | Worldviews | Social norms | Conduct | Regulations | Affiliation | Economic divisions | Authority | Status level | Skin tone | Feminine identity | Inequity
Solidarity | Core values | Social circles | Behavioral ethics | Guidelines | Association | Economic hierarchy | Political influence | Ranking | Racial heritage | Masculine traits | Discrimination
Empowerment | Cultural ethos | Social bonds | Moral conduct | Policies | Bonds | Wealth distribution | Political authority | Social standing | Ancestral roots | Gender identity | Disparity
Inclusion | Ethical principles | Friendship circles | Behavioral tendencies | Legal framework | Associations | Socioeconomic strata | Power dynamics | Status ranking | Genetic makeup | Gender norms | Inequality
Diversity | Belief systems | Peer influence | Behavioral ethics | Standards | Social groups | Resource allocation | Political power | Social status | Ethnic origins | Sexual identity | Injustice
Equity | Principles | Peer support | Moral guidelines | Statutes | Social ties | Income distribution | Governance structures | Prestige level | Genetic traits | Gender expression | Disparity
Tolerance | Cultural values | Social networks | Ethical behavior | Laws | Social groups | Wealth distribution | Authority structures | Social hierarchy | Racial background | Femininity | Discrimination
Collaboration | Worldviews | Social interactions | Behavioral patterns | Language | Clusters | Distribution of resources | Influence | Occupation | Ancestry | Identification | Injustice
Adaptability | Cultural adaptability | Social cohesion | Ethical standards | Regulations | Social connections | Economic disparities | Political hierarchy | Social status | Ethnic heritage | Gender roles | Inequity
Flexibility | Cultural flexibility | Peer relationships | Ethical conduct | Legal norms | Social affiliations | Wealth disparity | Governance | Status ranking | Genetic background | Masculinity | Discrimination
Openness | Cultural openness | Social inclusiveness | Ethical behavior | Legal framework | Social affiliation | Economic inequality | Political structures | Social ranking | Ancestral lineage | Gender norms | Inequality
Empathy | Cultural empathy | Social support | Moral behavior | Legal codes | Social integration | Resource distribution | Political authority | Prestige levels | Ethnic composition | Feminine identity | Inequity
Understanding | Cultural understanding | Peer acceptance | Moral guidelines | Legal regulations | Social bonds | Economic division | Political influence | Status hierarchy | Genetic composition | Gender identity | Disparity
Compassion | Cultural compassion | Social empathy | Ethical norms | Legal standards | Social bonds | Wealth distribution | Political power | Social status | Racial heritage | Masculine traits | Discrimination
Synergy | Cultural synergy | Social solidarity | Ethical conduct | Legal statutes | Social networks | Resource allocation | Political influence | Social standing | Ancestral roots | Gender roles | Inequality
Integration | Cultural integration | Peer integration | Ethical behavior | Legal framework | Social cohesion | Economic distribution | Political authority | Status level | Genetic makeup | Gender expression | Injustice
Adaptation | Cultural adaptation | Social adaptation | Ethical standards | Legal regulations | Social networks | Wealth distribution | Political structures | Social hierarchy | Ethnic background | Femininity | Discrimination
Harmony | Cultural harmony | Social harmony | Ethical behavior | Legal framework | Social connections | Economic disparities | Political hierarchy | Social status | Racial heritage | Masculinity | Inequality
Resilience | Cultural resilience | Social resilience | Ethical conduct | Legal norms | Social bonds | Resource distribution | Political influence | Prestige levels | Ancestral lineage | Gender norms | Disparity
Acceptance | Cultural acceptance | Social acceptance | Ethical behavior | Legal regulations | Social bonds | Economic division | Political power | Status hierarchy | Genetic composition | Gender identity | Inequity
Inclusivity | Cultural inclusivity | Social inclusivity | Ethical norms | Legal standards | Social integration | Wealth distribution | Political authority | Social standing | Racial heritage | Masculine traits | Discrimination
Flexibility | Cultural flexibility | Social flexibility | Ethical conduct | Legal framework | Social connections | Economic disparities | Political structures | Social status | Ethnic background | Femininity | Injustice
Cooperation | Cultural cooperation | Social cooperation | Ethical behavior | Legal statutes | Social cohesion | Resource allocation | Political influence | Status level | Genetic makeup | Gender expression | Discrimination
Adaptation | Cultural adaptation | Social adaptation | Ethical standards | Legal regulations | Social networks | Wealth distribution | Political structures | Social hierarchy | Ethnic background | Masculinity | Inequality
Integration | Cultural integration | Social integration | Ethical behavior | Legal framework | Social cohesion | Economic distribution | Political authority | Status level | Genetic makeup | Gender expression | Injustice
Harmony | Cultural harmony | Social harmony | Ethical behavior | Legal framework | Social connections | Economic disparities | Political hierarchy | Social status | Racial heritage | Femininity | Disparity
Resilience | Cultural resilience | Social resilience | Ethical conduct | Legal norms | Social bonds | Resource distribution | Political influence | Prestige levels | Ancestral lineage | Gender norms | Inequality
Unity | Cultural unity | Social unity | Ethical behavior | Legal statutes | Social cohesion | Wealth distribution | Political structures | Status hierarchy | Genetic composition | Gender identity | Inequity
Acceptance | Cultural acceptance | Social acceptance | Ethical behavior | Legal regulations | Social bonds | Economic division | Political power | Status hierarchy | Genetic composition | Gender identity | Inequity